Timestamp,Did you prepare for JEE/NEET,Years of preparation,What is your age group?,Did you take a drop year exclusively for JEE/NEET preparation?,What was your JEE/NEET outcome?,Type of schooling,Daily study hours (peak),Social interaction level,Physical health during preparation,Did you experience frequent stress or burnout?,How much did parental expectations influence your preparation intensity?,Rate your current satisfaction (education/career),Rate your current social confidence compared to others of your age,"Looking back, would you choose the same preparation path again?",Would you recommend this path to others?,Did you develop any non-academic skills during preparation,"(Optional) 
Anything else you want to share?"
28/03/2026 13:00:04,Yes,2,16-18,No,Still preparing / Didn't attempt,Regular,8-12,2,1,Yes,Moderate,1,1,No,Unsure,No,"a major part of why i got fucked over during my prep was coaching, i did put in a lotta effort but i was misguided by my teachers and me being the idiot i am, trusted them wholeheartedly and by the time i realised it was too late"
28/03/2026 13:01:03,Yes,2,18-20,Yes,Still preparing / Didn't attempt,Regular,4-8,1,1,Yes,Moderate,2,1,Unsure,Unsure,No,"felt suicidal many times  , but parents ka soch ke nahi kiya ."
28/03/2026 13:04:35,Yes,1,16-18,No,Still preparing / Didn't attempt,Other,8-12,3,4,Yes,High,3,4,Yes,Yes,Yes,
28/03/2026 13:08:52,Yes,3+,18-20,Yes,Didn't qualify for preferred institution,Other,12+,1,1,Yes,Moderate,1,1,No,No,No,Destroyed my prescious years while I always wanted to persue career in cs it destroyed that dream too 
28/03/2026 13:12:22,Yes,2,16-18,No,Still preparing / Didn't attempt,Regular,8-12,1,1,Yes,Moderate,2,1,No,No,Yes,
28/03/2026 13:59:27,Yes,2,16-18,No,Still preparing / Didn't attempt,Coaching-integrated school,0-4,1,1,Unsure,Low,1,1,No,No,No,
28/03/2026 14:04:21,Yes,1,16-18,No,Still preparing / Didn't attempt,Regular,12+,5,3,No,Very high,5,5,No,No,No,Fck NEET!!
28/03/2026 14:05:18,Yes,2,16-18,No,Still preparing / Didn't attempt,Coaching-integrated school,8-12,2,2,Yes,Moderate,2,3,Unsure,Yes,Yes,
28/03/2026 14:05:31,Yes,2,16-18,No,Still preparing / Didn't attempt,Coaching-integrated school,4-8,2,3,Yes,Moderate,3,1,No,No,No,
28/03/2026 14:09:21,Yes,2,18-20,Yes,Still preparing / Didn't attempt,Coaching-integrated school,8-12,5,2,Yes,High,2,3,No,No,No,
28/03/2026 14:12:03,Yes,3+,18-20,Yes,Top tier (IIT / AIIMS),Other,12+,2,4,No,High,5,4,Yes,Yes,Yes,
28/03/2026 14:13:39,Yes,2,16-18,Yes,Still preparing / Didn't attempt,Coaching-integrated school,8-12,3,2,Yes,High,3,3,Yes,No,Yes,
28/03/2026 14:19:32,Yes,3+,18-20,Yes,Still preparing / Didn't attempt,Regular,12+,2,1,Yes,High,2,2,Yes,No,Yes,
28/03/2026 14:19:47,Yes,3+,18-20,Yes,Still preparing / Didn't attempt,Coaching-integrated school,8-12,1,2,Yes,Very high,2,1,No,Unsure,No,
28/03/2026 14:20:36,Yes,2,18-20,No,Still preparing / Didn't attempt,Other,4-8,2,4,Yes,Moderate,3,2,No,No,No,"The single most important thing that I would say to anyone thinking of choosing these exams. Don't choose bio because you don't like maths or don't choose maths because bio is boring.

Experiment a little, do some research and then decide what you want to do, and which subjects will help you get there, then choose the subjects that will get you there."
28/03/2026 14:20:55,Yes,1,21-23,Yes,Still preparing / Didn't attempt,Regular,4-8,3,3,Yes,Moderate,3,4,Unsure,Unsure,No,
28/03/2026 14:22:46,Yes,2,16-18,No,Still preparing / Didn't attempt,Coaching-integrated school,8-12,3,2,Yes,Very high,1,4,Unsure,No,No,I am tired of this shit 
28/03/2026 14:31:16,Yes,2,18-20,Yes,didn't get any college.. still preparing ,Regular,4-8,2,4,Yes,Moderate,2,1,No,Unsure,No,"the exam and the journey takes away your happiness, potential, confidence, sleep, peace and gives you anxiety, panics, bad moods"
28/03/2026 14:33:24,Yes,2,18-20,No,Still preparing / Didn't attempt,Coaching-integrated school,8-12,1,1,Yes,High,3,1,No,No,No,
28/03/2026 14:36:33,Yes,1,16-18,Yes,Still preparing / Didn't attempt,Regular,0-4,1,2,Yes,Very high,1,1,No,No,Yes,This journey hinders u from reaching ur true potential... Many paths in life don't choose this one . 
28/03/2026 14:36:50,Yes,3+,18-20,Yes,Didn't qualify for preferred institution,Other,8-12,1,4,Unsure,Low,3,4,No,Unsure,Yes,"(1st dropper) I workout regularly i have good body fat and i havent get sick in months only once when my circadian rhythm was disturbed and i was having problem breathing and random heart palpitations and low BP (I am good now), in 12th i was in horrible depression for 8 months due to narcissism/toxicity at home later i left now i live in a diffrent city all alone and i have happy and healthy (yes i would rather wash dishes than go back home ever)"
28/03/2026 14:38:13,Yes,3+,21-23,Yes,Still preparing / Didn't attempt,Regular,4-8,1,1,Yes,Very high,2,2,No,No,No,"Fucking shit life due to parents forcing me to take this shitty exam, have been getting bds seat since 3 yrs but didn't let me take it because I'm an investment for mbbs doctor lol. Fought with them to do ignou degree. This year will be the last time I'm suffering, will be running from home(friends house) after exam."
28/03/2026 14:43:49,Yes,3+,18-20,Yes,Still preparing / Didn't attempt,Regular,8-12,2,3,Yes,Very high,3,2,Unsure,Unsure,No,While preparing at the highest level don't ignore your physical health. Atleast do some exercise be it running only that helps clear mental fog. In my first drop year I didn't even leave my chair and I was in the worst shape and mental health of my life. This year much better. And also please don't have a relationship during your drop year (talking from experience). That will burn you out. Please don't.
28/03/2026 14:45:52,Yes,3+,21-23,Yes,Still preparing / Didn't attempt,Coaching-integrated school,4-8,3,3,Yes,High,1,2,No,No,No,
28/03/2026 14:46:16,Yes,3+,18-20,Yes,Still preparing / Didn't attempt,Coaching-integrated school,8-12,1,1,Yes,High,2,2,No,No,Yes,its more of a mind game tbh. frequent revisions analysis etc. but the mental pressure and less social interaction for 2 years+ really fucks up your mind. those who maintain to keep their mental health stable along with consistency would surely win. i dont have much time to explain my state but i was in depression for a year and was also suicidal. i spent half my drop year to change my mindset and other stuff. now i'm doing well in terms of my mental health tho :) also i got madataptive daydreaming due to my loneliness but im working on it.
28/03/2026 14:46:31,Yes,2,16-18,Yes,Still preparing / Didn't attempt,Other,0-4,2,2,Yes,Moderate,1,2,Unsure,No,No,
28/03/2026 14:48:10,Yes,2,18-20,Yes,Still preparing / Didn't attempt,Regular,8-12,2,4,Yes,Moderate,4,2,Unsure,No,Yes,"unlike the usual opinion of students taking a drop for neet, personally, i feel it was worth it for me. keeping aside the academics aspect (which im pretty sure ill be getting better score than my first attempt) i think I've changed for better as a person, during the time i spent preparing for it. i've become really close to my family, myself and have become spiritually much stronger than before. the only drawback i'd like to point out is staying at home and limiting my social interactions has made me a little socially anxious than before. hopefully I'll learn to eventually get back to my older socially confident self once i join a college."
28/03/2026 14:48:17,Yes,2,16-18,No,Still preparing / Didn't attempt,Regular,0-4,2,1,Yes,High,1,2,Unsure,Unsure,No,"I wasted my potential, totally got fucked up , got too much stressfrom parents , and gonna go for 1st drop."
28/03/2026 14:48:34,Yes,2,18-20,Yes,Private college,Coaching-integrated school,8-12,3,2,Yes,Low,4,3,Yes,No,No,
28/03/2026 14:49:23,Yes,2,16-18,No,Still preparing / Didn't attempt,Coaching-integrated school,4-8,1,1,Yes,Moderate,3,1,No,No,No,"I was an innocent just 10th pass who was manipulated by YouTubers in the beginning of my prep to leave all my social life behind in the pursuit of my education. Not only this but my parents discouraged me from joining any extracurriculars like sports. And my own personal hobby of art, that also I stopped. All forms of expression were taken away from me. I don’t say this to anyone but even when I was topping my class in 11th , I was literally depressed and my other friends were suicidal too (in 11th!), didn’t have best friends so use to record my rants instead. 
The thing with neet is , it’s a long journey so giving up on life and things u love will only have a negative effect on u. No one can study 24/7, u can still have fun, learn hobbies, go to the gym etc , along with getting good grades. But no one tells u this. Everyone tells u it has to be intense, no, no it does not. Even if u study 10 hours day, u still have 14 hours for urself. 
This year I will be giving neet, and I WILL get into MBBS, but I WILL NEVER prioritise my studies over my mental/physical health and social life EVER AGAIN. 
Though this journey was stress inducing to say the least, it taught me the importance of things in life other than studies, that life is more than all these competitive exams, & I’m glad I was on this journey at the end."
28/03/2026 14:55:30,Yes,3+,18-20,Yes,Still preparing / Didn't attempt,Regular,0-4,2,1,Yes,High,1,1,No,No,No,
28/03/2026 14:57:36,Yes,3+,18-20,Yes,getting IIIT using hs quota,Regular,8-12,1,2,Yes,Moderate,2,1,Unsure,No,No,"it did help to teach me to handle things, manage stress and overall how to do well in career but it came at a cost of social disconnection, feeling low, thinking i am below avg and much more. so yeah it did help me on some front but not in overall growth as human"
28/03/2026 15:07:57,Yes,3+,18-20,Yes,Still preparing / Didn't attempt,Regular,8-12,2,3,Yes,Moderate,1,2,No,No,No,
28/03/2026 15:11:58,Yes,2,18-20,Yes,Still preparing / Didn't attempt,Regular,8-12,1,2,Yes,Moderate,1,1,No,No,No,
28/03/2026 15:14:25,Yes,3+,18-20,Yes,Still preparing / Didn't attempt,Regular,4-8,2,2,Yes,High,1,3,Unsure,No,Yes,
28/03/2026 15:18:24,Yes,2,18-20,No,Mid tier (NIT / Government medical college),Coaching-integrated school,4-8,4,2,Yes,Moderate,4,4,Yes,No,No,
28/03/2026 15:22:31,Yes,3+,16-18,No,Still preparing / Didn't attempt,Coaching-integrated school,4-8,1,1,Yes,High,1,2,No,No,No,
28/03/2026 15:23:42,Yes,2,16-18,No,Mid tier (NIT / Government medical college),Coaching-integrated school,8-12,3,3,Yes,Moderate,4,5,No,No,Yes,
28/03/2026 15:30:16,Yes,3+,18-20,Yes,Still preparing / Didn't attempt,Coaching-integrated school,4-8,2,1,Yes,Moderate,1,1,No,Yes,No,f neet
28/03/2026 15:32:12,Yes,3+,18-20,Yes,Still preparing / Didn't attempt,Other,8-12,2,1,Yes,Very high,1,1,No,No,No,Do not just not I regret taking biology every damn day
28/03/2026 15:43:59,Yes,3+,21-23,Yes,Still preparing / Didn't attempt,Regular,8-12,1,1,Yes,Very high,1,4,Yes,No,Yes,Life feels very heavy and suffering from extreme loneliness since 2022 ( no friends since 2022)
28/03/2026 15:44:59,Yes,3+,21-23,Yes,Private college,Other,8-12,1,1,Yes,Very high,4,5,Yes,No,Yes,"Had a deep personal tragedies that disrupted my preparation for years,i got quite a time to recover,now that i recovered I'm here for neet preparation.  I've learnt many things apart from preparation. I've learnt like about people, discipline, patience, optimistic thoughts etc. I'm thankful for the path i crossed but i don't want to continue this path,i need to put end in good way which i will."
28/03/2026 15:50:41,Yes,2,18-20,Yes,Still preparing / Didn't attempt,Coaching-integrated school,4-8,4,2,Yes,High,2,4,Yes,No,No,
28/03/2026 15:54:54,Yes,2,16-18,No,Still preparing / Didn't attempt,Coaching-integrated school,4-8,1,1,Yes,Very high,1,1,No,No,No,
28/03/2026 15:57:17,Yes,2,16-18,Yes,Still preparing / Didn't attempt,Regular,4-8,1,3,Yes,Low,3,2,No,Unsure,No,
28/03/2026 15:57:44,Yes,2,18-20,Yes,Still preparing / Didn't attempt,Coaching-integrated school,8-12,3,3,Yes,High,3,2,No,No,No,
28/03/2026 16:01:18,Yes,3+,16-18,Yes,Still preparing / Didn't attempt,Coaching-integrated school,4-8,1,1,Yes,Very high,1,1,No,No,No,
28/03/2026 16:01:27,Yes,2,16-18,No,Mid tier (NIT / Government medical college),Coaching-integrated school,8-12,2,2,Yes,Moderate,3,4,Unsure,No,No,
28/03/2026 16:07:21,Yes,2,18-20,No,Still preparing / Didn't attempt,Regular,4-8,4,2,Yes,High,3,4,Yes,Unsure,Yes,
28/03/2026 16:11:08,Yes,2,16-18,Yes,Still preparing / Didn't attempt,Coaching-integrated school,4-8,1,1,Yes,Low,1,1,Yes,No,No,
28/03/2026 16:19:11,Yes,2,16-18,No,Mid tier (NIT / Government medical college),Regular,0-4,3,2,Yes,High,1,1,Yes,Unsure,Yes,greate initivative
28/03/2026 16:26:38,Yes,2,18-20,Yes,Still preparing / Didn't attempt,Regular,8-12,3,2,Yes,Moderate,2,2,No,No,Yes,
28/03/2026 16:32:41,Yes,2,16-18,No,Didn't qualify for preferred institution,Coaching-integrated school,8-12,2,2,Yes,Moderate,1,1,Unsure,No,No,"Bro I'm cooked this sheeet got me so bad:// i prolly didn't give my best everyday in these 2 yrs but i was consistent. I'd several health issues, social life is still fucked up, girls of my age are way ahead if me in terms of fashion, social, living life. At this point i lowkey want ti work on me.. my skin quality is degraded, i got dandruff cuz i couldn't manage my self with hair care and skin care. There have been months where my periods fluctuated like hell. Everyone had expectations from me.. i was doing my best... But I'm low-key fed up .. im giving my best for April attempt. N maybe I'll have to take a drop. "
28/03/2026 16:39:44,Yes,2,16-18,No,Still preparing / Didn't attempt,Coaching-integrated school,8-12,3,4,Yes,High,2,3,No,No,No,
28/03/2026 16:45:01,Yes,3+,18-20,Yes,Still preparing / Didn't attempt,Coaching-integrated school,8-12,2,1,Yes,Moderate,1,1,Unsure,Unsure,No,
28/03/2026 16:46:41,Yes,2,21-23,Yes,Top tier (IIT / AIIMS),Regular,12+,3,1,Yes,Moderate,4,5,Unsure,No,No,
28/03/2026 16:55:24,Yes,1,16-18,No,Still preparing / Didn't attempt,Regular,4-8,4,3,Yes,Moderate,4,5,No,No,Yes,"if you are passionate do it, everything has it's own share of difficulty"
28/03/2026 16:56:53,Yes,2,18-20,Yes,Still preparing / Didn't attempt,Regular,8-12,3,2,Yes,Moderate,2,3,No,No,No,
28/03/2026 16:57:01,Yes,3+,18-20,Yes,Still preparing / Didn't attempt,Coaching-integrated school,8-12,2,1,Yes,Very high,2,1,No,No,No,
28/03/2026 17:04:19,Yes,3+,18-20,Yes,Still preparing / Didn't attempt,Regular,4-8,3,3,Yes,High,1,2,Unsure,Unsure,Yes,
28/03/2026 17:06:46,Yes,2,16-18,No,Still preparing / Didn't attempt,Coaching-integrated school,8-12,3,2,Yes,Moderate,1,2,No,No,No,
28/03/2026 17:18:52,Yes,2,18-20,Yes,Still preparing / Didn't attempt,Coaching-integrated school,8-12,2,2,Yes,High,2,3,Unsure,No,No,
28/03/2026 17:26:05,Yes,1,18-20,Yes,Still preparing / Didn't attempt,Regular,8-12,2,2,Yes,Moderate,1,1,No,No,No,
28/03/2026 17:29:23,Yes,1,18-20,Yes,Still preparing / Didn't attempt,Regular,4-8,3,2,Yes,Moderate,2,4,No,No,Yes,"If you're truly passionate and willing to put in the efforts, it's doable but i would genuinely never recommend a drop year to anyone. Trying to keep up and dealing with distance not only from others but also your own self is extremely hard. And personally, I spent a lot of this year dealing with an excruciating F-breakup that fucked up my brain chemistry entirely and i regret not locking in sooner. NEVER AGAIN."
28/03/2026 17:33:27,Yes,3+,21-23,Yes,Didn't qualify for preferred institution,Other,8-12,2,2,Yes,Very high,1,2,No,Unsure,Yes,
28/03/2026 17:37:18,Yes,3+,16-18,Yes,Still preparing / Didn't attempt,Coaching-integrated school,4-8,3,4,No,Low,2,5,No,Yes,No,"Did you develop any non-academic skills during preparation - doing that would be counted as a distraction, btw by listening to a specific genre songs i learnt a new language 12th mein earworms were getting too much so shut the music completely during my drop year "
28/03/2026 17:41:52,Yes,2,16-18,No,Didn't qualify for preferred institution,Regular,0-4,5,3,Yes,High,1,2,Unsure,No,No,Ahhh its fckin annoying 
28/03/2026 17:42:59,Yes,3+,18-20,Yes,Still preparing / Didn't attempt,Coaching-integrated school,8-12,3,2,Yes,Moderate,2,3,Yes,Unsure,No,
28/03/2026 17:49:41,Yes,3+,18-20,Yes,Didn't qualify for preferred institution,Coaching-integrated school,0-4,3,2,Yes,Moderate,1,1,No,No,No,
28/03/2026 17:52:06,Yes,3+,18-20,Yes,Didn't qualify for preferred institution,Regular,4-8,1,1,Yes,Very high,1,2,Unsure,Unsure,No,
28/03/2026 17:52:51,Yes,2,18-20,Yes,Still preparing / Didn't attempt,Coaching-integrated school,4-8,1,1,Yes,Very high,1,1,No,No,No,
28/03/2026 17:54:36,Yes,2,18-20,Yes,Mid tier (NIT / Government medical college),Regular,12+,2,2,Yes,High,3,2,Unsure,Unsure,No,
28/03/2026 17:56:19,Yes,2,16-18,No,Still preparing / Didn't attempt,Other,4-8,2,2,Yes,Moderate,1,5,Yes,No,No,
28/03/2026 18:04:15,Yes,2,16-18,No,Gave session 1 of jee but college counseling hasn't started yet,Regular,8-12,4,4,Yes,Moderate,3,1,Unsure,Unsure,Yes,"For me, the worst part of my jee prep was giving up extra curriculars I used to do till 10th"
28/03/2026 18:06:51,Yes,1,16-18,No,Still preparing / Didn't attempt,Regular,8-12,4,2,Yes,High,3,4,Yes,No,No,"JEE teaches you a lot like how to work hard, be consistent, keep doing the same thing every single day even when you don't want to but i would absolutely never recommend this path to someone who does not have interest in science and math as extreme level of dedication is needed for jee but not liking subjects deff makes it 10 times harder.  "
28/03/2026 18:17:21,Yes,3+,18-20,Yes,Still preparing / Didn't attempt,Regular,8-12,1,2,Unsure,Moderate,3,3,Yes,Unsure,Yes,
28/03/2026 18:18:26,Yes,3+,18-20,Yes,this is my drop year didn't study in drop year so i am definetly not getting nit or iits most probably some tier 2 college through comedk,Coaching-integrated school,8-12,1,1,Unsure,Moderate,2,1,No,Yes,No,study what you actually like to study don't fall into peer pressure or something else. i liked history i wanted to be an archaeologist or a historian since i was in class 6 but now i am stuck in this jee rat race to be a corporate slave
28/03/2026 18:28:19,Yes,3+,16-18,Yes,Didn't qualify for preferred institution,Coaching-integrated school,8-12,1,1,Yes,Low,1,1,No,Unsure,No,"well it did cost a lot to mee , now i dont feel confident or even talking to people , i am not confident about my career , i went through a hell lot of stress and anxiety"
28/03/2026 18:36:01,Yes,3+,18-20,Yes,Didn't qualify for preferred institution,Regular,0-4,1,1,Yes,Very high,1,1,No,No,No,It’s nothing but a rat race. It has completely ruined my life in every expact
28/03/2026 18:56:40,Yes,2,16-18,No,Still preparing / Didn't attempt,Coaching-integrated school,0-4,3,2,Yes,High,1,1,No,No,No,
28/03/2026 20:49:07,Yes,3+,21-23,Yes,Still preparing / Didn't attempt,Coaching-integrated school,0-4,1,1,Yes,High,1,1,No,No,Yes,
28/03/2026 22:03:32,Yes,3+,18-20,Yes,Still preparing / Didn't attempt,Regular,4-8,2,1,Yes,Moderate,2,1,No,No,Yes,
28/03/2026 22:14:12,Yes,3+,18-20,Yes,Still preparing / Didn't attempt,Regular,12+,1,1,Yes,Moderate,1,3,Yes,Unsure,No,
28/03/2026 23:09:22,Yes,2,18-20,Yes,Didn't qualify for preferred institution,Regular,4-8,3,2,Yes,Moderate,2,3,No,No,No,
29/03/2026 05:07:53,Yes,3+,18-20,Yes,Still preparing / Didn't attempt,Regular,4-8,2,1,Yes,Moderate,2,1,No,No,No,never take a drop! 
29/03/2026 06:24:36,Yes,2,21-23,Yes,Still preparing / Didn't attempt,Coaching-integrated school,4-8,2,2,Yes,Moderate,2,2,No,No,No,
29/03/2026 10:29:10,Yes,1,21-23,Yes,Didn't qualify for preferred institution,Coaching-integrated school,8-12,2,1,Yes,Very high,2,2,No,No,No,
29/03/2026 16:24:57,Yes,2,16-18,No,Still preparing / Didn't attempt,Coaching-integrated school,4-8,2,1,Yes,Moderate,1,1,No,No,No,fuck this shit im making movies 
29/03/2026 16:30:35,Yes,2,18-20,Yes,Didn't qualify for preferred institution,Coaching-integrated school,8-12,1,3,Yes,High,4,2,No,No,No,
30/03/2026 01:39:27,Yes,3+,21-23,Yes,Top tier (IIT / AIIMS),Coaching-integrated school,4-8,1,2,Yes,High,5,1,Unsure,Unsure,No,I wish I could’ve focused on other aspects of life too.
30/03/2026 02:34:12,Yes,2,24+,No,Didn't qualify for preferred institution,Coaching-integrated school,4-8,3,4,No,Moderate,5,5,Yes,Yes,No,"I prepared for JEE and didn't clear twice. But I got into a decent college, went through the 4 yrs of engineering and never once thought I can't make it. I have been thankful to the opptunities that came my way and worked hard to prove that I am worth it. But now that I learnt about this new world of 'mental health' maybe I shouldn't have worked so hard. Maybe parental pressure and therapy could have been used as a good excuse. It's time for some therapy. "
30/03/2026 03:15:31,Yes,1,18-20,No,Private college,Regular,0-4,2,2,Unsure,Moderate,3,4,Unsure,Unsure,No,
30/03/2026 10:01:38,Yes,1,16-18,No,Still preparing / Didn't attempt,Regular,8-12,1,2,Yes,Low,4,2,Unsure,Unsure,Yes,"I opted JEE preparation out of sheer interest in advanced physics and mathematics. So, my story is quite different from others. I am still in school and hope to continue with my passion after qualifying JEE. I have never been quite socially interactive. My JEE preparation did not affect my social interaction."
30/03/2026 11:04:59,Yes,2,16-18,No,Still preparing / Didn't attempt,Coaching-integrated school,4-8,2,2,Yes,High,2,1,No,No,No,Cooked 
30/03/2026 13:37:23,Yes,3+,24+,Yes,Still preparing / Didn't attempt,Regular,12+,5,5,Yes,Moderate,5,5,Yes,Yes,Yes,
31/03/2026 12:57:56,Yes,3+,21-23,Yes,Didn't qualify for preferred institution,Regular,4-8,1,2,Yes,Very high,1,1,No,No,No,"JEE prep amplified my depression 10-fold (which I developed during lockdown), as well as causing paranoia due to burnout."
31/03/2026 13:06:01,Yes,2,24+,No,Dropped Engineering and Did CA,Regular,4-8,5,5,No,Moderate,5,4,Yes,Unsure,No,I enjoyed the preparation. I enjoyed learning and competitive nature of the preparation. I enjoyed studying. My family was really chill no pressure at all. But I wasn't sure of engineering. I did clear JEE mains but I didn't wanted to be an engineer so I dropped it and pursued CA. I won't change anything. It gave me critical thinking. I like where I am today. I still love physics and chemistry but only upto what's taught till 12th. 
31/03/2026 13:52:27,Yes,2,16-18,No,Top tier (IIT / AIIMS),Regular,4-8,3,2,Yes,Very high,4,3,Unsure,No,No,
01/04/2026 04:21:35,Yes,3+,18-20,Yes,Mid tier (NIT / Government medical college),Regular,12+,2,5,No,Low,4,5,No,No,Yes,"So basically, I didn't get my dream college cuz of some stupid eligibility criteria I couldn't meet because of my location.
The main reason I even wanted to do JEE was dead simple — I just wanted to earn good money and buy all the shit I wanted. At the end of the day, it was all about money, and back in 2022, JEE felt like the only fucking path to actually make that happen.
But looking back, the JEE prep did teach me a lot — discipline, hard work, motivation, time management, all that self-hate and self-love bullshit, understanding my weaknesses and strengths. That mental toughness and the physical stamina I built during those crazy years is actually helping me right now in my job as an AI automation specialist at a US-based digital marketing company.
I don't use integration formulas or Newton's laws or any of that shit in my daily work, but the focus, problem-solving mindset, and resilience I gained is helping me learn fast and do decent in this fast-changing field.
Honestly though, in today's super fast AI world, I wouldn't recommend doing full JEE prep to most people in this generation. (Before 2022, I probably would've said yeah go for it.)
If your only goal is to make money and that's it, then this is what I'd do instead: Don't waste 2-3 years grinding on stuff you'll probably never use again. Just start learning practical skills that actually pay right now — like video editing (especially with AI tools), social media management, digital marketing, content creation, prompt engineering, basic SEO, sales, 3D modelling, or even doing freelance virtual assistance stuff. New tools and opportunities keep popping up every couple of weeks in this space.
If you have literally zero choice or your parents won't allow anything else, then okay, JEE is still a solid disciplined path. But otherwise, in this AI world, you don't have time to spend years building mental strength on topics you'll never apply later. Better to put that same hard work into skills you'll actually use every single day in your career.
Right now I earn around 40,000 rupees per month. To a normal Indian 19-year-old this might sound like a lot, but honestly 400 US dollars is fucking nothing to a US client. Because of the rupee conversion rate and all that, this money I'm earning right now is going to increase soon as I get more US work and outreach improves. It's gonna go upmore
(I started from scratch after not getting the college I wanted.)"
01/04/2026 18:22:18,Yes,2,16-18,Yes,Still preparing / Didn't attempt,Coaching-integrated school,12+,1,1,Yes,Very high,1,2,No,No,No,rat races are killing creativity!! 
02/04/2026 21:21:41,Yes,2,24+,Yes,Mid tier (NIT / Government medical college),Regular,8-12,3,3,Yes,High,4,4,Yes,No,No,
03/04/2026 18:12:24,Yes,1,18-20,Yes,Didn't qualify ,Regular,0-4,3,3,Unsure,Moderate,3,3,No,No,No,
03/04/2026 18:32:46,Yes,2,16-18,No,Private college,Coaching-integrated school,0-4,3,4,Yes,Low,4,3,No,No,No,Do it only and only if you want to do it. If you choose to take science then give your best cause science doesn't automatically give you other options you need to develop a mindset and need skill. All the best bro.
03/04/2026 19:10:03,Yes,2,16-18,No,Still preparing / Didn't attempt,Regular,8-12,2,2,Yes,Low,3,2,Unsure,No,No,
03/04/2026 19:11:24,Yes,2,16-18,Yes,Didn't qualify for preferred institution,Other,0-4,1,1,Yes,Low,1,1,No,No,Yes,I hate to live . Am undeservable !
03/04/2026 19:21:37,Yes,2,24+,No,Mid tier (NIT / Government medical college),Coaching-integrated school,0-4,2,3,Yes,Moderate,4,5,Unsure,No,Yes,Pretty dumb phase that most telugu people have go through. Absolutely hate it 
03/04/2026 19:47:40,Yes,2,18-20,No,Didn't qualify for preferred institution,Coaching-integrated school,4-8,2,2,Yes,Very high,3,4,Unsure,Unsure,No,
03/04/2026 20:05:13,Yes,3+,18-20,Yes,Private college,Coaching-integrated school,4-8,3,2,Yes,Moderate,1,2,No,No,Yes,
03/04/2026 20:36:23,Yes,3+,24+,Yes,Top tier (IIT / AIIMS),Coaching-integrated school,4-8,2,2,Yes,High,2,1,No,No,No,"It broke my confidence n self esteem in such a way that even tho I became a doctor after getting multiple gold medals during college, I still feel I'm not good enough. "
03/04/2026 21:08:54,Yes,0,16-18,No,Still preparing / Didn't attempt,Coaching-integrated school,4-8,3,2,Yes,Low,4,2,Yes,Unsure,Yes,
04/04/2026 02:30:51,Yes,2,24+,No,Mid tier (NIT / Government medical college),Coaching-integrated school,8-12,2,3,No,Moderate,4,3,No,No,No,JEE wasn't worth it. Currently pursuing PhD in EE in a top 20 college in the US. Set my social interaction levels back by 2-3 years and had to force build confidence in my UG. 
04/04/2026 10:16:10,Yes,2,24+,No,Private college,Coaching-integrated school,4-8,4,2,Yes,Very high,3,4,No,No,Yes,"Bhai, only lord krishna can save US"
04/04/2026 11:10:06,Yes,0,16-18,No,Still preparing / Didn't attempt,Other,8-12,3,4,Unsure,Moderate,3,5,Unsure,Yes,Yes,i used to play badminton and hit gym 1 hour everyday cuz i was in dummy school
04/04/2026 11:10:27,Yes,2,18-20,No,Still preparing / Didn't attempt,Other,8-12,3,2,No,Low,4,2,Yes,Yes,No,
04/04/2026 11:50:05,Yes,0,16-18,No,Still preparing / Didn't attempt,Regular,4-8,4,1,Yes,Moderate,4,5,Yes,Yes,Yes,"Hi, Im SUBH6363, ig u know me, basically im in 10th rn, and learning some specific topics of class 11th parallelly in 10th which my mentors told to do."
04/04/2026 11:53:54,Yes,0,18-20,No,Top tier (IIT / AIIMS),Coaching-integrated school,8-12,3,3,Unsure,Moderate,3,4,Unsure,Unsure,Yes,
04/04/2026 11:56:32,Yes,3+,18-20,Yes,Mid tier (NIT / Government medical college),Other,4-8,3,3,No,Low,5,5,Yes,Yes,Yes,
04/04/2026 14:45:05,Yes,2,16-18,No,Still preparing / Didn't attempt,Coaching-integrated school,4-8,5,4,Unsure,Moderate,2,3,Yes,Yes,Yes,
04/04/2026 15:30:07,Yes,1,16-18,No,Top tier (IIT / AIIMS),Coaching-integrated school,8-12,4,2,No,Moderate,4,1,Yes,Yes,Yes,
04/04/2026 16:56:35,Yes,1,16-18,Yes,Still preparing / Didn't attempt,Coaching-integrated school,12+,1,1,No,High,3,1,Unsure,Yes,No,
04/04/2026 20:51:34,Yes,1,18-20,Yes,Still preparing / Didn't attempt,Regular,0-4,3,1,Yes,Very high,1,1,No,No,No,
04/04/2026 21:09:57,Yes,1,16-18,No,Didn't qualify for preferred institution,Coaching-integrated school,0-4,2,1,Yes,High,2,3,No,Unsure,Yes, 
04/04/2026 23:46:48,Yes,1,18-20,Yes,Private college,Regular,4-8,1,1,Yes,Low,3,2,No,No,No,
05/04/2026 00:00:35,Yes,2,16-18,No,Didn't qualify for preferred institution,Coaching-integrated school,8-12,1,1,Yes,Low,2,2,No,Unsure,No,"Absolutely stressful, mental health died,parents were chill thats why i feel fine today or I would have gone into utter depression... My family is rich so we can afford seat in any state or even in outside India but for poor kids especially generally category students they suffer a lot and the competition increases every year and no.of seats hardly increase."
05/04/2026 06:48:24,Yes,1,18-20,Yes,Didn't qualify for preferred institution,Regular,4-8,3,1,Yes,Moderate,1,1,Yes,No,No,Taking a drop year is not a bad thing. Till you make it. I took a drop i thought i would clear it just by studying it from YouTube . Just think people are paying lakhs of rupees in coachings and batches and my i thought i would clear it by just studying one year with no coaching and batch i was very wrong. I regret it so much . I would have joined some coaching . It feels like i have no choice now i couldn't score above 40 percentile . Sinking in regret and guilt .
05/04/2026 18:22:13,Yes,2,16-18,No,Still preparing / Didn't attempt,Coaching-integrated school,12+,2,2,Yes,Very high,1,2,No,No,No,
06/04/2026 10:45:53,Yes,2,16-18,No,Private college,Regular,0-4,3,3,Yes,High,1,4,No,No,Yes,
06/04/2026 11:00:48,Yes,2,21-23,Yes,Private college,Other,0-4,2,3,Yes,Moderate,3,3,Yes,Yes,No,
06/04/2026 11:08:01,Yes,2,21-23,No,Top tier (IIT / AIIMS),Coaching-integrated school,4-8,2,1,Yes,Moderate,3,3,Yes,No,No,
06/04/2026 12:02:48,Yes,1,16-18,No,Private college,Regular,4-8,3,3,Yes,Very high,1,4,No,No,No,
06/04/2026 12:51:48,Yes,2,18-20,Yes,Mid tier (NIT / Government medical college),Other,12+,1,1,Yes,High,3,3,No,Unsure,No,Balance is very important and proper research of any exams and preparation method
06/04/2026 15:17:58,Yes,2,18-20,No,Top tier (IIT / AIIMS),Regular,8-12,4,5,Yes,Low,4,4,Yes,Yes,Yes,
06/04/2026 19:32:18,Yes,2,18-20,Yes,Mid tier (NIT / Government medical college),Regular,8-12,3,3,Yes,High,3,1,No,No,Yes,
06/04/2026 21:30:44,Yes,0,16-18,No,Still preparing / Didn't attempt,Regular,4-8,3,1,Yes,Moderate,5,4,Yes,Yes,No,
06/04/2026 21:54:48,Yes,2,16-18,No,Still preparing / Didn't attempt,Other,8-12,2,3,Yes,Low,1,3,Yes,No,No,Padhai krle 
06/04/2026 22:49:47,Yes,1,24+,Yes,Mid tier (NIT / Government medical college),Regular,8-12,2,3,Unsure,Moderate,5,5,Yes,Unsure,Yes,I think it's worthy if you give your 100% in it and with pure honesty and while enjoying it 
06/04/2026 23:50:37,Yes,2,21-23,No,Private college,Regular,0-4,3,3,No,Moderate,5,5,Yes,No,Yes,
07/04/2026 00:26:31,Yes,2,24+,Yes,Private college,Other,4-8,4,2,Yes,High,3,3,Yes,Yes,No,
07/04/2026 00:39:47,Yes,3+,24+,Yes,Private college,Regular,4-8,3,3,Unsure,Moderate,1,1,No,No,No,"Don't try ever for complete drop ,it will ruin your life
"
07/04/2026 01:11:58,Yes,1,18-20,Yes,Private college,Regular,8-12,1,1,Yes,Moderate,4,3,No,No,No,Teachers that I got made heall for me. I had potential to remove mountains. But the level of teachers I had that I came to know after 3-4 months. Ruined for me
07/04/2026 02:43:01,Yes,2,16-18,No,Still preparing / Didn't attempt,Coaching-integrated school,4-8,3,3,Unsure,Moderate,1,2,Unsure,No,No,
07/04/2026 03:55:07,Yes,2,16-18,Yes,Top tier (IIT / AIIMS),Other,4-8,1,3,Yes,Low,5,5,Yes,Yes,Yes,
07/04/2026 13:56:51,Yes,2,18-20,Yes,Still preparing / Didn't attempt,Regular,4-8,4,4,Yes,Moderate,2,2,Unsure,Unsure,No,
07/04/2026 16:53:18,Yes,3+,16-18,Yes,Mid tier (NIT / Government medical college),Regular,8-12,4,4,Yes,High,3,3,No,Yes,No,
07/04/2026 18:22:54,Yes,2,18-20,No,Private college,Coaching-integrated school,4-8,1,1,Unsure,Low,3,1,No,No,No,
07/04/2026 18:29:06,Yes,2,24+,No,Didn't qualify for preferred institution,Coaching-integrated school,12+,3,1,Unsure,Moderate,1,1,No,No,No,"Main problem is I'm from a normal SSC syllabus school without any IIT coaching. So I can't able to be par with my classmates, where everyone started IIT from 6th class itself in their schools. CBSE, ICSE syllabus students were on another level. Every chapter of what we have in Intermediate these kids already studied and wrote exams. Actually they are just doing revision.
But I nor my parents didn't knew about these things. If they knew they could have joined in that schools. Lifelong regret for me and them. Never gonna join our future generations in SSC syllabus schools. NO education, NO physical activities, NO cultural activities."
07/04/2026 18:38:08,Yes,2,16-18,No,Still preparing / Didn't attempt,Other,8-12,2,4,No,Moderate,4,2,Yes,No,No,
07/04/2026 18:39:37,Yes,3+,18-20,Yes,Waiting for results ,Coaching-integrated school,4-8,4,3,Yes,High,1,4,Yes,No,Yes,Exams are nice not the coaching. An advice never cut out yourself from socialising and interaction with seniors.
07/04/2026 18:52:43,Yes,2,18-20,No,Private college,Coaching-integrated school,8-12,2,3,No,High,4,3,No,No,No,Didnt took a drop i gave neet qualified private mbbs and dentals and govt ayurveda homeopathy etc but didnt took a drop ( first attempt hi tha) changed stream instead
07/04/2026 19:07:08,Yes,3+,18-20,Yes,Didn't qualify for preferred institution,Coaching-integrated school,8-12,1,1,Yes,Moderate,2,2,No,No,No,
07/04/2026 19:13:30,Yes,3+,21-23,Yes,left and choose different career path,Regular,4-8,2,1,Yes,Very high,3,1,No,No,No,"It took my 4years gave me anxiety and insomnia , exams like these shouldn't be fixated on kids with above avg grades it's murder of their self-esteem."
07/04/2026 20:20:55,Yes,2,21-23,No,Top tier (IIT / AIIMS),Regular,12+,5,2,Yes,Moderate,3,3,Yes,Yes,Yes,
07/04/2026 20:35:31,Yes,2,16-18,No,Yet to choose college (result in june ) ,Other,8-12,2,3,Yes,Low,4,3,Yes,Yes,No,
07/04/2026 20:42:32,Yes,1,24+,Yes,Mid tier (NIT / Government medical college),Regular,4-8,2,2,Yes,Moderate,4,5,Unsure,Unsure,Yes,
07/04/2026 21:32:56,Yes,2,21-23,No,Private college,Coaching-integrated school,0-4,1,1,Yes,High,3,4,No,No,No,
07/04/2026 21:42:26,Yes,1,16-18,No,Still preparing / Didn't attempt,Coaching-integrated school,4-8,2,3,Yes,Very high,2,2,Unsure,No,No,
07/04/2026 22:11:56,Yes,1,16-18,Yes,Got very bad marks to even get tier 3. Thinking wat I'll do next. ,Regular,4-8,1,1,Yes,Moderate,1,4,No,No,No,Didn't got tier 3 clg. Don't take drop. Worst life experience. It will take soul Outta you
07/04/2026 22:22:52,Yes,2,18-20,No,Mid tier (NIT / Government medical college),Other,8-12,2,3,No,Low,4,2,Unsure,Yes,Yes,
07/04/2026 22:26:10,Yes,2,18-20,Yes,Didn't study enough ,Regular,4-8,2,1,Yes,High,1,2,No,No,No,
07/04/2026 22:54:28,Yes,3+,18-20,Yes,Private college,Regular,4-8,2,3,Yes,Low,1,1,Yes,Unsure,No,"Branch dekh kar leni chahiye,hum CSE leke pagal ho gye hain"
07/04/2026 23:08:01,Yes,3+,24+,Yes,Didn't qualify for preferred institution,Regular,12+,2,1,Yes,Very high,3,2,No,No,No,Worst phase of my life that I never want to remember 
07/04/2026 23:37:43,Yes,2,21-23,No,Mid tier (NIT / Government medical college),Coaching-integrated school,4-8,3,1,Yes,High,3,2,Unsure,No,No,
08/04/2026 00:44:12,Yes,3+,18-20,Yes,Still preparing / Didn't attempt,Coaching-integrated school,12+,3,2,Yes,Moderate,2,2,Unsure,Unsure,No,you have to give it all at least once in your live to prove yourself. i wasn't able to.
08/04/2026 01:49:10,Yes,2,21-23,No,Mid tier (NIT / Government medical college),Coaching-integrated school,8-12,1,1,Yes,Very high,2,2,No,No,No,
08/04/2026 02:30:07,Yes,2,18-20,No,Mid tier (NIT / Government medical college),Coaching-integrated school,12+,1,1,Yes,High,4,2,Unsure,Yes,No,
08/04/2026 07:46:34,Yes,2,24+,No,Top tier (IIT / AIIMS),Regular,12+,1,1,Yes,Very high,5,5,Yes,No,No,"Worth it if you are sure you can make it and have a very supportive family. Otherwise I feel there are better ways to get job/ make money - if that is what you are after. 
I used to breakdown so much, be so sad and it has lasting affect on every thing I do in life - always feel inadequate and dissatisfied even if I am doing significantly well in life. I also do have a god complex which makes me have bigger ambition and goals. That’s something ig."
08/04/2026 08:37:28,Yes,3+,18-20,Yes,Qualified mains with 99+ looking for advanced,Other,4-8,3,1,Yes,Moderate,4,3,Unsure,Unsure,No,
08/04/2026 09:30:13,Yes,2,21-23,No,Didn't qualify for preferred institution,Regular,4-8,5,3,No,Very high,2,5,No,No,Yes,
08/04/2026 11:00:39,Yes,3+,18-20,Yes,Still preparing / Didn't attempt,Regular,4-8,1,2,Yes,Very high,3,2,Yes,Unsure,Yes,
08/04/2026 11:05:29,Yes,1,21-23,Yes,State Government Engineering College,Regular,0-4,4,3,Yes,Moderate,4,4,No,No,Yes,
08/04/2026 11:08:20,Yes,2,18-20,No,Didn't qualify for preferred institution,Coaching-integrated school,8-12,1,3,Unsure,Moderate,1,1,No,No,No,
08/04/2026 12:06:34,Yes,2,16-18,No,Didn't qualify for preferred institution,Regular,8-12,2,1,Yes,Moderate,1,1,No,No,No,life is fked up idk what to do now i am just a trashbag at my house no use other than throwing away
08/04/2026 12:52:32,Yes,2,16-18,No,Result yet to come but most likely will go in private uni,Coaching-integrated school,8-12,2,2,Yes,Moderate,2,3,No,No,No,"I wished i knew before about apps like examgoal & should have joined a regular school + youtube lectures to prepare for jee, Tie up coaching classes are really hard on social life & hence low mental health.

Plus, my teachers in tie up classes were good so needed to study again from yt "
08/04/2026 16:57:32,Yes,3+,18-20,Yes,abhi results are awaited,Regular,8-12,5,3,No,Moderate,4,5,Yes,No,Yes,
08/04/2026 17:51:34,Yes,1,18-20,Yes,Didn't qualify for preferred institution,Regular,4-8,2,3,Yes,High,3,2,No,No,No,
08/04/2026 18:04:17,Yes,2,16-18,No,Still preparing / Didn't attempt,Regular,4-8,2,3,Yes,High,1,1,No,No,Yes,"fucked up hogayle haai bro , 12th me aaya hu just gand fati hui ha tbh
"
08/04/2026 20:37:53,Yes,1,18-20,Yes,Had to drop the plan ,Regular,4-8,1,1,Unsure,Low,3,4,No,No,No,"Don't take a drop year 
"
08/04/2026 21:13:22,Yes,2,18-20,Yes,Didn't qualify for preferred institution,Regular,4-8,1,1,Yes,High,1,1,No,Unsure,Yes,
08/04/2026 21:16:20,Yes,2,16-18,No,Top tier (IIT / AIIMS),Regular,12+,1,3,Yes,Very high,4,5,Yes,Unsure,No,
08/04/2026 21:39:51,Yes,2,24+,No,Mid tier (NIT / Government medical college),Regular,8-12,3,1,Yes,High,5,5,Yes,Yes,Yes,This journey shaped me who I am as an individual. Being an graduate from NIT Rourkela it developed my personality to such a extent that today I am in a position to confidently face the world.
08/04/2026 22:02:20,Yes,2,18-20,Yes,Still preparing / Didn't attempt,Coaching-integrated school,0-4,2,1,Yes,Moderate,1,1,No,Unsure,No,
08/04/2026 22:12:50,Yes,2,18-20,No,Still preparing / Didn't attempt,Coaching-integrated school,4-8,3,1,Yes,Very high,1,2,Yes,Yes,No,
08/04/2026 22:26:58,Yes,3+,18-20,Yes,Still preparing / Didn't attempt,Coaching-integrated school,4-8,4,3,Yes,Moderate,2,2,No,No,No,Bhai 11th 12 th me coaching koi na join kare ...schooling is best.
08/04/2026 22:45:35,Yes,3+,24+,Yes,Didn't qualify for preferred institution,Regular,4-8,1,2,Yes,Moderate,3,1,No,No,No,
08/04/2026 22:59:53,Yes,3+,18-20,Yes,Didn't qualify for preferred institution,Other,12+,1,2,Yes,Moderate,1,1,Unsure,Unsure,No,
08/04/2026 23:16:57,Yes,3+,21-23,Yes,Still preparing / Didn't attempt,Coaching-integrated school,4-8,3,3,Yes,Moderate,3,2,Unsure,Unsure,No,
08/04/2026 23:18:52,Yes,2,16-18,No,Still preparing / Didn't attempt,Coaching-integrated school,8-12,1,2,Yes,Low,5,3,No,No,No,
08/04/2026 23:40:06,Yes,2,18-20,Yes,Left the stream entirely,Coaching-integrated school,8-12,3,3,Yes,Very high,4,5,Yes,Unsure,Yes,Do what you wanna do only if you really wanna do it. Half ass efforts during my preparation got me to where i am right now but atleast I’m on a path which best suits me and i really love it. 
08/04/2026 23:54:05,Yes,2,16-18,No,Still preparing / Didn't attempt,Coaching-integrated school,4-8,4,3,Yes,High,2,3,No,No,No,Fukin hell
09/04/2026 00:14:32,Yes,1,24+,Yes,Mid tier (NIT / Government medical college),Regular,4-8,3,1,No,Low,4,4,Yes,Unsure,Yes,
09/04/2026 01:26:19,Yes,2,16-18,Yes,Didn't qualify for preferred institution,Other,4-8,2,1,Yes,High,3,2,No,No,No,i hate that phase. i wish to go back in time and fix some of my mistakes that led to a horrible outcome.
09/04/2026 02:38:49,Yes,0,16-18,No,Still preparing / Didn't attempt,Regular,0-4,2,3,No,Moderate,3,2,Unsure,Unsure,Yes,
09/04/2026 03:00:14,Yes,2,18-20,Yes,Still preparing / Didn't attempt,Coaching-integrated school,4-8,5,1,Yes,Moderate,3,5,Unsure,Yes,Yes,Yarrrr I  just what to say don't fall in love during jee prep that's it
09/04/2026 08:46:46,Yes,2,18-20,No,Top tier (IIT / AIIMS),Coaching-integrated school,8-12,4,2,Yes,Moderate,1,3,Yes,Unsure,No,
09/04/2026 09:40:18,Yes,1,21-23,Yes,Top tier (IIT / AIIMS),Regular,8-12,3,3,No,High,4,5,Yes,No,Yes,
09/04/2026 09:55:36,Yes,3+,18-20,Yes,Still preparing / Didn't attempt,Other,4-8,2,1,Yes,Moderate,2,2,No,No,Yes,"Joined 11th-12th in 2023-2025 in an integrated-coaching in Bhubaneswar and then took drop, It drained the hell out of me. Always felt like why did I not get into this earlier....like from 8th(would've prolly been at an advantage now) and it felt very unfair that other students living in tier 1 cities knew everything and had started preparing beforehand! Also how the coachings milk this IIT-NIT lore and get the unaware students drooling for it, pathetic! "
09/04/2026 10:08:31,Yes,2,24+,Yes,Didn't qualify for preferred institution,Regular,0-4,3,2,Unsure,Low,1,2,No,Yes,No,"Padhai nahi ki bhai..student toh bright tha main par 12th baad kota jaate he 2 mahine toh padha ache se major minor dono tests m 600-620 tak aa rahe the ..550 par selection hota tha us time …fir mujhe aas paas walo ne cig daru gaanja etc etc in sab se introduce kara..unhone kaha try karke dekh maine kaha why not Kyuki mere andar bhi toh keeda tha jeevan m sab try karke dekhne ka ..shaam ko mujhe cig pilai , aur raat ko main khud he dukaan par pahuch gaya k bhaisahb cig dedo ek koi si bhi..bahut pasand aai mujhe..fir ek k baad ek type k drug’s karta reh aur dekhte he dekhte addict ho gaya fir kaha padhai hoti hai fir toh maine bas nasha kiya hai pure saal ..ghuma fira bhi ni na ladkibazi kari bas nasha..fir 2nd drop m bhi same kiya aur abhi tak life m same he chal raha hai 8 ek saal hoge ..topper tha school k bahar hoardings par posters par picture lagti thi meri baki toppers k sath par kya bataye ..chhordo ye toh RR ho jayega ni toh..
Haa fir state univ ka entrance diya usme ho gaya wo le liya waha se degree karli matlab jo mila wo kar liya ..koi enthusiasm ni..graduation hue 2 saal ho liye par abhi bhi main nashe he kar raha hu ..koi motivation kuch ni kaam ki..
Chutiya hu main..purane teachers aur dosto se bhi milne m ye hota hai k dekhenge toh kahege ki Arey ye kya haal bana rakha hai khud ka ..rockstar wali line k ye kya haal bana rakha hai tune khud ka , khud ko dekh cheeteh😂…
Hope it helps tumhare survey mein"
09/04/2026 10:26:30,Yes,3+,18-20,Yes,Still preparing / Didn't attempt,Coaching-integrated school,4-8,4,1,Yes,High,3,2,Unsure,Yes,No,"Nothing fuck. New gov 
Not want development of people only want vote bank
"
09/04/2026 13:09:00,Yes,3+,21-23,No,Top tier (IIT / AIIMS),Coaching-integrated school,12+,3,3,Yes,High,1,2,Unsure,No,No,The entire society is running in this rat race and governments are not even taking any action for this basic thing related to education
09/04/2026 14:54:40,Yes,3+,21-23,Yes,Still preparing / Didn't attempt,Regular,8-12,1,2,Yes,Very high,1,3,Unsure,Unsure,Yes,
09/04/2026 16:07:48,Yes,3+,18-20,Yes,Private college,Regular,0-4,1,3,No,Low,3,1,No,No,No,
09/04/2026 17:59:07,Yes,0,16-18,No,Didn't qualify for preferred institution,Coaching-integrated school,8-12,3,3,Yes,High,1,1,No,No,No,
09/04/2026 20:16:06,Yes,1,18-20,Yes,Still preparing / Didn't attempt,Other,8-12,1,1,Yes,Moderate,1,1,Yes,No,Yes,
09/04/2026 21:39:29,Yes,2,16-18,Yes,Still preparing / Didn't attempt,Coaching-integrated school,12+,2,1,Yes,Very high,1,3,Yes,Yes,No,
09/04/2026 23:23:03,Yes,3+,16-18,Yes,Didn't qualify for preferred institution,Regular,4-8,3,2,Yes,Moderate,3,4,No,No,Yes,
09/04/2026 23:47:53,Yes,2,16-18,No,Private college,Other,12+,2,1,Yes,High,1,1,No,No,No,Fck this sytem
10/04/2026 12:21:53,Yes,1,16-18,Yes,wont be qualifying jee mains and preparing for other private college entrances and will take admission in one of them ,Regular,4-8,2,1,Yes,Moderate,2,2,Unsure,No,No,"i did not get to prep during my grade 11th and 12th and the reason was that in class 10th i took boards way too seriously, experience panic attacks and constant shaking of my body and breathlessness in exam hall evn in the subjects which i was well versed in. i remember i gave my social science exam and came home and started crying and ekpt crying for hours and my body wouldnt stop shaking and i couldnt stop reathing heavily. thats why my parents asked me to just focus on normal schooling and i did. i too, didnt try to prep for jee in those 2 years and it was always like im gonna take a gap year anyways. but experience all that in class 10th kinda flipped a switch in me and my attitude towards studies shifted to 'idgaf"" type. in 11th finals i was sad, stressed, maybe cried before an exam or two but in 12th i simply didnt care and just did as much as i could. even when  a board exam didnt go well i  didnt worry but yeah definitely cried after seeing the results. i think this idgaf attitude combined with online prep in my gap year slowly turned into procastination and in the back of my mind i also had this thing that no matter how much effort i put i dont get any results, esp in maths. after fillling sooo many notebooks i never crossed the 80 percent mark in mathematics. this combined with little social interaction, stress eating, and my deviced ruined my prep lol. but im fixing what i broke, i have started to get back on the path and im gearing up for these private entrace exams. thanks for this optional question, i really wanted to let it all out. also, i failed but i think i would do it again lol but only if i do it offline and from class 11th itself. even if i failed jee, i learnt a lot of things, and explored my interest in sociology which i would like to explore later. maybe in masters. or just by myself, through a self curriculum. im glad i took a gap year even if i failed cuz it helped me to look into myself and learn about what i actually like and wht i actually want to do. i think i would have regretted if i didnt take a gap year cuz there would have been this question of ""what if"" for my whole life. "
10/04/2026 19:30:45,Yes,2,18-20,No,Private college,Coaching-integrated school,4-8,3,4,Yes,Moderate,3,3,No,Unsure,No,
10/04/2026 19:36:45,Yes,2,16-18,No,Still preparing / Didn't attempt,Coaching-integrated school,8-12,2,1,Yes,Low,3,3,Unsure,No,No,
10/04/2026 19:40:30,Yes,1,16-18,No,Still preparing / Didn't attempt,Regular,4-8,3,3,Yes,High,2,2,No,No,No,LEGIT RAT RACE! HELL FOR GENERAL STUDENTS
10/04/2026 20:07:51,Yes,2,16-18,No,Still preparing / Didn't attempt,Coaching-integrated school,4-8,2,4,Yes,Moderate,2,3,No,No,No,
10/04/2026 20:13:10,Yes,3+,21-23,Yes,Private college,Coaching-integrated school,4-8,3,3,Yes,Moderate,3,4,No,No,No,Dont leave math for neet and biology for Jee for boards it close lots of doors for you especially leaving math . And Focus 
10/04/2026 20:19:50,Yes,2,24+,No,Didn't qualify for preferred institution,Regular,4-8,1,4,Yes,High,5,4,No,Unsure,No,
10/04/2026 20:22:43,Yes,3+,18-20,Yes,Didn't qualify for preferred institution,Other,8-12,1,1,Yes,High,3,1,No,Unsure,No,Don't do the prep if it's ur parents dream 
10/04/2026 20:28:52,Yes,2,24+,No,Top tier (IIT / AIIMS),Coaching-integrated school,4-8,1,3,Unsure,High,3,4,No,No,No,"I found IITs lack culture for core branches. Choose IIT only for software, circuital branch or the tag. For core branches, old NITs or top state colleges in metro city is preferred."
10/04/2026 20:33:25,Yes,2,16-18,No,YET TO ATTEMPT ALL ENG. EXAMS WHICH I AVE PLANNED,Coaching-integrated school,8-12,2,2,Yes,High,4,4,Unsure,Unsure,No,"Would you recommend this path to others? 
--> Depends on what type of a person they are.

Looking back, would you choose the same preparation path again?
--> Yes, only if i knew the mistakes that i have one and everyone else does in their journey 

Preparing for JEE is recommended by my side as it's the reason i chose PCM and JEE fulfills my curiosity as compared to regular school , 
The only Issues is Good Environment and guidance it shouldn't be about following a set of rules but should be about exploring more and more in a healthy environment or having a positive/learning attitude/mindset throughout your journey and balancing thing.

Trust me if you are mature enough it teaches you a lot just don't go with the masses nor follow their leads. 

You only Need one good mentor and dedication towards your goals and You could become a POLYMATH in these two years (this maybe too much , but hope you got the point)

You can contact me

INSTAGRAM: swaroop.py

Reddit :

https://www.reddit.com/user/NoStrain5928/?utm_source=share&utm_medium=web3x&utm_name=web3xcss&utm_term=1&utm_content=share_button"
10/04/2026 20:38:20,Yes,2,21-23,No,Private college,Coaching-integrated school,0-4,3,2,Unsure,Moderate,5,5,No,No,No,
10/04/2026 20:42:26,Yes,1,21-23,No,Didn't qualify for preferred institution,Coaching-integrated school,8-12,1,1,Yes,Very high,1,1,No,No,No,Life’s more than all of this. It feels like we are putting breaks on life before turning 18
10/04/2026 21:09:29,Yes,2,16-18,Yes,I failed in life. ,Regular,4-8,1,1,Yes,High,3,2,No,Unsure,No,"I wish I had studied history or traditional BSc instead
"
10/04/2026 21:17:48,Yes,1,24+,Yes,Private college,Regular,4-8,1,1,Yes,Low,1,1,No,No,No,"Lack of nutritious food and exercise was a great impediment. Along with it, unable to handle stress and first time outside the family environment, it made me strange."
10/04/2026 21:18:50,Yes,3+,21-23,Yes,Didn't qualify for preferred institution,Regular,0-4,1,2,Yes,Low,1,1,No,No,No,
10/04/2026 21:21:28,Yes,2,16-18,No,Didn't qualify for preferred institution,Coaching-integrated school,4-8,1,2,Unsure,Moderate,1,4,Unsure,Unsure,Yes,"i became antisocial , towards the end my mind blew , now i can't do simple things and I'm suicidal"
10/04/2026 21:49:27,Yes,2,16-18,No,Still preparing / Didn't attempt,Coaching-integrated school,0-4,2,2,Yes,Moderate,2,2,Unsure,Unsure,No,
10/04/2026 21:58:06,Yes,2,16-18,No,Taking drop,Coaching-integrated school,0-4,1,2,Yes,Low,1,1,Yes,No,No,"I’ve realised u need an offline coaching only, or join some library or anything, cuz my social life doesn’t exist no more and it affects u a lot.<3"
10/04/2026 22:54:57,Yes,2,18-20,No,Mid tier (NIT / Government medical college),Coaching-integrated school,4-8,3,4,Yes,Moderate,5,3,Yes,Yes,Yes,
10/04/2026 23:30:13,Yes,2,16-18,No,Didn't qualify for preferred institution,Regular,8-12,1,3,Yes,Very high,2,2,No,No,No,
10/04/2026 23:56:49,Yes,3+,18-20,Yes,Still preparing / Didn't attempt,Regular,12+,2,1,Yes,Very high,1,1,No,No,No,
11/04/2026 00:26:52,Yes,2,16-18,No,Mid tier (NIT / Government medical college),Coaching-integrated school,8-12,3,1,Yes,High,3,2,Unsure,Yes,No,"Lost almost all my friends,like I was part of atleast 5-6 different freind group before now I am part of probably 1 or 2 with no comfort.
Gained almost 18kg weight in this 2 years.
But yeah leaned about how real hard work looks like "
11/04/2026 09:24:48,Yes,2,18-20,Yes,Still preparing / Didn't attempt,Regular,8-12,3,3,Unsure,High,4,4,Yes,Yes,No,
11/04/2026 09:36:57,Yes,1,16-18,Yes,Didn't qualify for preferred institution,Coaching-integrated school,4-8,3,2,Yes,Moderate,4,3,No,No,No,Mess Food affects health and missing family in Kota
11/04/2026 11:57:44,Yes,2,21-23,No,Didn't qualify for preferred institution,Coaching-integrated school,8-12,2,1,Yes,High,3,3,No,No,No,
11/04/2026 15:27:59,Yes,2,16-18,No,Still preparing / Didn't attempt,Regular,4-8,1,1,Unsure,High,2,2,No,No,No,
11/04/2026 16:48:20,Yes,2,18-20,No,Top tier (IIT / AIIMS),Regular,12+,3,2,No,Moderate,4,5,Yes,No,No,
11/04/2026 17:38:42,Yes,3+,21-23,Yes,Didn't qualify for preferred institution,Coaching-integrated school,8-12,3,2,Yes,Very high,5,5,No,Yes,Yes,
11/04/2026 17:54:46,Yes,1,18-20,Yes,Didn't qualify for preferred institution,Regular,4-8,2,3,No,Low,2,4,No,No,No,"i lost 2 of my best friends who were of opposite genders and were my only source of social maturity and interactions , all the friends i made in my college showed their real faces once i slowly started to stop going to coaching for self study , except of 2 or 3 neutral friends that i made i had no new connections , since i tried doing both the year worth syllabus in just one year i dont think i will do any good in jee , the drop year feels like a waste and i have gained nothing except of some memories to be sad about , if you dont care about the result and just want to give it a try then surely go for it and dont listen to anyone in your family or society , i had hopes of getting into some tier 2 college but i failed , if you know your worth and have procastinated during your 11th and 12th or 10th boards then i suggest dont "
11/04/2026 19:54:18,Yes,2,18-20,No,Didn't qualify for preferred institution,Other,4-8,1,1,Yes,High,1,2,No,No,No,
11/04/2026 22:18:47,Yes,2,16-18,No,Still preparing / Didn't attempt,Coaching-integrated school,4-8,3,1,No,High,2,4,Yes,No,No,
11/04/2026 22:29:00,Yes,2,18-20,No,Top tier (IIT / AIIMS),Coaching-integrated school,0-4,4,4,Yes,Moderate,5,4,Yes,Unsure,Yes,"i am from the <10 people who go to IIT from Jnk (from general category). Old me would have questioned it a lot if it is worth it or not. But recently as the results are being more visible, it does seem worth it. Me and my batch people from jammu all have interns and going to jobs. All being paid from atleast 1LPM upto 5LPM while being an intern. I feel this is the POV you would hear less from people as more people might have different experiences but yea, now the efforts feel worth it as youre starting to earn this much while being 20/21."
11/04/2026 22:59:03,Yes,3+,21-23,Yes,Didn't qualify for preferred institution,Regular,4-8,1,1,Yes,High,3,1,No,No,Yes,Never come in pressure while choosing your career path or think about your parents expectations...go for something your mind actually loves even if it provides only 10k salary you will feel much better than wasting your precious years on something you did just becoozzzzzzzzzz😂...well wasting those years still cost me a lot I'm not over it even after 2 years of stopping preparation and choosing a different path ...and the age 17-21 is very precious it's time to enjoy on something you love not on something you want to do just because you want to look cool or maybe other reasons 
11/04/2026 22:59:55,Yes,2,16-18,No,Still preparing / Didn't attempt,Coaching-integrated school,8-12,2,1,Yes,High,1,4,No,No,No,
11/04/2026 23:27:26,Yes,3+,18-20,Yes,Didn't qualify for preferred institution,Coaching-integrated school,8-12,1,1,Yes,High,1,1,No,No,No,Preparing for neet taking drop and then taking partial drop in college destroyed my self confidence after not able to get into medical college and it is one of those decisions if i didn't prepare i would be much happier now nothing but regeat and self hate
11/04/2026 23:36:01,Yes,2,16-18,No,Didn't qualify for preferred institution,Regular,4-8,1,1,Yes,Very high,2,1,No,No,No,
12/04/2026 00:00:08,Yes,2,18-20,No,Still preparing / Didn't attempt,Regular,4-8,5,2,Yes,High,3,5,Unsure,No,Yes,
12/04/2026 00:03:08,Yes,3+,18-20,Yes,Didn't qualify for preferred institution,Coaching-integrated school,0-4,1,2,Yes,Moderate,2,2,Yes,No,No,I am unable to perform any extra curriculum activities and avoid social gathering due to failures and fear of people.
12/04/2026 09:18:40,Yes,2,18-20,Yes,Didn't qualify for preferred institution,Regular,4-8,3,2,Yes,Moderate,2,2,No,No,No,So I couldn't qualify NEET and now I'm pursuing a BSc degree (thought I'd give it another shot which is why I went with BSc)...feels like I'm never really present anywhere....people who are studying alongside me are preparing for masters and other exams meanwhile I'm stuck here feeling this is not where I belong... can't focus on NEET can't fully focus on PG. So yeah IG should've gone for something else...still think about it sometimes but that would mean a waste of 3 years.
12/04/2026 13:19:57,Yes,3+,24+,Yes,Private college,Regular,4-8,1,2,Yes,High,3,1,No,No,No,
12/04/2026 17:13:29,Yes,3+,21-23,Yes,Private college,Other,8-12,1,2,Yes,Moderate,4,3,No,No,No,"Went to Kota . Prepared for 2 years . Covid happened so came back to Jammu. Internet wasn’t fine so couldn’t even see online lectures and hence my 12th got ruined . In the first attempt , got a seat in ascoms but didn’t take b cause I thought I could do better taking a drop . Took a drop and fucked up filling the omr. Gave skuast exam and got a rank under 30 in the state and bagged an open merit seat in veterinary. Happy with the outcome . Wish I didn’t put myself through so much but studying like hell taught me what I’m capable of actually. Have been trying to get back to that . "
12/04/2026 21:57:32,Yes,1,24+,No,Mid tier (NIT / Government medical college),Other,0-4,3,5,Unsure,Moderate,3,3,No,No,No,"I was actually lucky to pass JEE with inadequate prep but very good marks. While preparation also matters, at times luck could also play a role in deciding your percentile. The first time I studied hard, I didn't get that good marks. I did self study during Covid lockdown. "
12/04/2026 22:14:53,Yes,2,18-20,No,Top tier (IIT / AIIMS),Coaching-integrated school,0-4,3,5,Yes,Moderate,4,5,Yes,Yes,Yes,
12/04/2026 22:35:11,Yes,2,18-20,No,Didn't qualify for preferred institution,Coaching-integrated school,8-12,3,3,Yes,Moderate,2,3,Unsure,Unsure,No,It was a sweet and sour journey for me. But looking back I sometimes think like if I had to take admission in a pvt college only then I should have given my two years to coding and other such skills instead of pcm. I studied though but failure was because of my own mistakes I should have given more mocks etc but anyways it happened 
12/04/2026 22:37:30,Yes,2,18-20,No,Didn't qualify for preferred institution,Other,4-8,2,1,Yes,High,1,1,No,No,No,"PLEASE GUYS DONT PUSH YOURSELF TO BE IN THIS RAT RACE IF YOU ARE AN AVERAGE STUDENT, THE INNER CHILD INSIDE YOU IS GOING TO GET KILLED, THE BEST YEARS OF YOUR LIFE WILL BE SPOILT, THE SILENT EXPECTATIONS WILL KILL YOU (telling you all this as an average student) if you really really wanna pursue this dream, go grind for it. in my case, i did. i did grind and worked so hard. barely alive on 4-5 hours of sleep(when they say that teenagers should get atleast 8 hours of sleep, lol. what an irony) anyways, wanted to let it all out. i have suffered, maybe because of my negligence but yeah:) good luck everyone"
12/04/2026 22:40:44,Yes,2,16-18,Yes,Still preparing / Didn't attempt,Other,4-8,2,3,No,Moderate,3,5,Yes,Unsure,No,"I studied online for 2 years and my mental health got worse, 0 social life, 0 fun. I changed to offline for drop year. Although the coaching was not upto my expectations, I made great friends improved my social life, I was able to study for 4-5 hours at home easily and everything was much better. "
12/04/2026 22:56:49,Yes,1,24+,Yes,Top tier (IIT / AIIMS),Regular,8-12,3,2,No,Moderate,5,4,Yes,Unsure,No,
12/04/2026 23:31:01,Yes,3+,24+,Yes,Didn't qualify for preferred institution,Regular,8-12,1,1,Yes,Very high,1,1,No,No,No,
12/04/2026 23:50:19,Yes,2,18-20,No,Top tier (IIT / AIIMS),Coaching-integrated school,4-8,2,3,Unsure,Moderate,4,4,Yes,Unsure,No,its worth at the end but yeah stress ate me up
13/04/2026 00:26:37,Yes,1,18-20,Yes,Mid tier (NIT / Government medical college),Regular,8-12,1,1,No,Low,4,3,Yes,Yes,No,"my journey is simple i studied inter in normal college taken an drop year to get into one of nits
I recommend only those who have intrested in it is want to take a drop year for jee because lot of batchmates are end with same results after an drop year thats it"
13/04/2026 04:58:06,Yes,3+,21-23,Yes,Still preparing / Didn't attempt,Regular,8-12,2,2,Yes,Moderate,1,1,No,Unsure,Yes,Vicious cycle of au khali tike koridele hei jaita
13/04/2026 13:07:09,Yes,3+,18-20,Yes,"Getting a clg through comedk, and I think there is a chance of getting college in Delhi clgs councelling too, didn't qualify in jee too",Regular,0-4,2,1,Yes,High,1,2,Yes,Yes,Yes,"If a student had passed or a topper in class 10th by doing coaching, this is not the exam he will clear, coz this exam requires a lot of self confidence and a student have to do a lot of work themselves 
I am a same student who got 92% in 10th by coaching or tution, and on the other hand my friend who got 87% by studying himself he's in NIT srinagar, so yea one should not rely on any coaching or institution, my friend studied in free, like from his friend account in online batch which costs only 4000/year, so yea, it matters a lot on the studing habits of student"
13/04/2026 17:00:25,Yes,1,24+,No,Private college,Regular,0-4,3,4,No,Moderate,5,5,Yes,Unsure,Yes,
13/04/2026 18:30:36,Yes,2,18-20,No,Top tier (IIT / AIIMS),Regular,4-8,4,4,Yes,Moderate,3,3,Yes,Yes,Yes,
13/04/2026 19:46:46,Yes,2,24+,Yes,Didn't qualify for preferred institution,Regular,4-8,3,3,Yes,Very high,1,3,No,No,No,Wastage of time if gap is taken under societal pressure
13/04/2026 21:52:10,Yes,3+,21-23,Yes,Still preparing / Didn't attempt,Regular,4-8,2,3,No,Moderate,2,3,No,No,Yes,
14/04/2026 01:20:54,Yes,1,21-23,Yes,Mid tier (NIT / Government medical college),Regular,4-8,2,3,Yes,Moderate,2,2,No,No,No,If you can be consistent throughout the journey then only choose to prepare other wise don't waste time in it.
14/04/2026 05:16:04,Yes,2,16-18,Yes,Still preparing / Didn't attempt,Other,0-4,1,1,Unsure,Low,1,1,Yes,Unsure,No,
14/04/2026 10:47:58,Yes,2,24+,No,Rank in lakhs. Got into tier 4 Govt college,Coaching-integrated school,4-8,2,4,Yes,High,1,2,No,No,No,"Jee prep from kota or coaching is straight up fraud. Its a one size fits all teaching environment so if you're already good, you'll do much better. If you're bad or somewhat okayish, chances are you're going to go into downward spiral because the curriculum doesnt wait. It rewards someone with strong basics or quick grasping skills. One's doubt keeps accumulating while others blaze through like its nothing. Why is it fraud? Because the institutions sell dreams based off of accomplishments for bright students (the ones who'd perform well even without the coaching). And also, not every student can keep up their attention for 1.5 hours of each of pcm. 

Another thing is the dummy schooling. Most of the time, a student wouldnt even look at the actual book of class 11th or 12th. Its all study material or question banks provided by the institute so one is simply solving questions of competitive exams without much context. Otoh, reading a book, seeing diagrams and reading thorough paragraphs help a student visualize but that is not the case here. "
14/04/2026 19:20:58,Yes,2,18-20,Yes,Didn't qualify for preferred institution,Regular,4-8,2,4,Yes,Moderate,1,4,No,No,Yes,FK government fk this system fk everything 
14/04/2026 20:25:42,Yes,1,18-20,Yes,Still preparing / Didn't attempt,Other,4-8,3,5,Yes,Moderate,5,2,Yes,Unsure,Yes,
15/04/2026 07:20:50,Yes,2,24+,Yes,Mid tier (NIT / Government medical college),Regular,4-8,2,3,No,Moderate,2,1,No,No,No,
15/04/2026 23:15:27,Yes,3+,24+,No,Private college,Regular,8-12,2,2,Yes,Very high,4,4,No,No,No,
16/04/2026 18:00:15,Yes,2,16-18,Yes,Top tier (IIT / AIIMS),Coaching-integrated school,4-8,4,5,Unsure,High,5,5,Yes,No,Yes,Just enjoy what you're doing!
17/04/2026 20:51:32,Yes,2,16-18,No,Waiting for results,Regular,0-4,3,3,Yes,Moderate,2,3,No,Unsure,No,
17/04/2026 21:17:18,Yes,3+,21-23,Yes,Mid tier (NIT / Government medical college),Regular,4-8,2,1,Yes,High,4,4,Unsure,Unsure,No,
17/04/2026 21:29:29,Yes,2,21-23,Yes,Private college,Coaching-integrated school,8-12,1,1,Yes,Moderate,1,1,Yes,Yes,No,
18/04/2026 07:00:37,Yes,3+,21-23,Yes,Didn't qualify for preferred institution,Coaching-integrated school,4-8,1,1,Yes,Moderate,3,3,No,Unsure,No,"It’s been 3 years still the after-effects have not gone although I’ve recovered a lot. The lack of both social interaction as well as physical activity affected me the most. The biggest advantage in my case was, having a supportive family. "
18/04/2026 07:36:00,Yes,2,24+,No,Mid tier (NIT / Government medical college),Regular,0-4,4,4,No,Low,4,4,No,No,Yes,
18/04/2026 11:43:55,Yes,2,18-20,No,Private college,Coaching-integrated school,4-8,3,1,Yes,High,1,3,No,No,Yes,During jee and after jee all I'm left with is nothing due to it I lost my solelife goal whatever it was now it's down in the ground I don't know what even I want to do anymore the constant burnouts and pressure made me a chainsmoker and shit all in all -1/10 very shit thing
18/04/2026 19:07:52,Yes,1,18-20,Yes,Private college,Regular,12+,4,4,Yes,Very high,4,3,No,No,Yes,Don't think too hard
18/04/2026 20:47:21,Yes,2,16-18,No,Still preparing / Didn't attempt,Other,4-8,3,2,Yes,Very high,1,3,No,No,No,Im tired of ts exam
18/04/2026 21:46:31,Yes,2,24+,No,Top tier (IIT / AIIMS),Regular,4-8,4,3,Unsure,High,5,3,Unsure,Unsure,No,
19/04/2026 00:56:58,Yes,3+,24+,Yes,Private college,Coaching-integrated school,0-4,2,1,Yes,High,4,3,No,No,No,
19/04/2026 03:04:04,Yes,2,16-18,No,Mid tier (NIT / Government medical college),Coaching-integrated school,8-12,1,1,Yes,High,1,1,No,Unsure,No,
20/04/2026 21:06:54,Yes,3+,18-20,Yes,1st dropper ,Other,8-12,1,2,Yes,High,1,5,No,No,No,"Prepare only if you can handle stress and pressure and for god sake don't prepare for neet specially if you don't have any passion in this field.You are a avg student or good student it doesn't matter all matter is how you can handle strees, pressure and distraction."
20/04/2026 21:17:13,Yes,2,16-18,No,Still preparing / Didn't attempt,Coaching-integrated school,4-8,3,2,Yes,Moderate,1,1,Yes,No,No,
20/04/2026 21:26:13,Yes,2,16-18,No,Private college,Coaching-integrated school,8-12,2,3,Yes,Moderate,3,2,Unsure,No,No,only if i had been more serious right from the start and studied smart instead of hard....
20/04/2026 21:30:27,Yes,2,18-20,No,Private college,Other,8-12,1,3,Yes,High,1,2,No,Unsure,No,
20/04/2026 22:48:04,Yes,1,16-18,Yes,Didn't qualify for preferred institution,Regular,0-4,1,2,Unsure,Moderate,1,1,No,No,No,
20/04/2026 23:24:01,Yes,1,16-18,No,Gave up after 11th ,Coaching-integrated school,4-8,2,1,Yes,High,2,1,No,No,No,
21/04/2026 00:09:50,Yes,3+,18-20,Yes,Mid tier (NIT / Government medical college),Coaching-integrated school,8-12,2,4,Yes,Moderate,4,3,Unsure,Unsure,No,
21/04/2026 01:26:02,Yes,3+,21-23,Yes,Still preparing / Didn't attempt,Regular,8-12,3,3,Yes,Low,3,5,No,No,Yes,"I hate what I have become after this, I know I will get in this year but how things turned out, I dont love myself anymore for it."
21/04/2026 04:52:46,Yes,3+,18-20,Yes,Still preparing / Didn't attempt,Other,4-8,1,1,Yes,Very high,1,1,No,No,No,"This really messed me up, I wish I wasn't born in this country so I wouldn't have to go through it all (sorry i am just tired)"
21/04/2026 12:15:23,Yes,1,16-18,No,Still preparing / Didn't attempt,Regular,0-4,1,3,Unsure,Low,2,1,No,No,Yes,"Jee fcked my physical health, like, the stress interfered with my period hormones and I got really sick during those times. My  back posture got ruined. I also have pollen allergies, so that interfered with my preperation (it's hard to do endless questions with a runny nose and swollen sinuses ykwim). I am enrolled in online coaching so lectures and stuff have deteriorated my eyesight, I dealt with headaches and eye strains. My ears have ringing now occasionally due to prolonged earphone use. That's my fault ig for not taking breaks but still. 😔✊
Mentally though, I won't say that I was too pressured into it or that I'm too stressed(despite that it fucked my hormones for some reason idk). My parents never pressured me into it neither were they too hyper fixated on the IIT dream unlike other parents, they just want me to get into any engineering college and they also laid out other options for me. In short, it didn't impact me mentally(for now). 
"
22/04/2026 00:53:07,Yes,2,16-18,No,Didn't qualify for preferred institution,Regular,0-4,2,2,Yes,Moderate,1,1,No,No,No,
22/04/2026 01:58:23,Yes,3+,21-23,Yes,Still preparing / Didn't attempt,Coaching-integrated school,12+,1,1,Yes,Very high,3,3,No,No,No,
22/04/2026 03:26:57,Yes,2,16-18,No,Still preparing / Didn't attempt,Coaching-integrated school,0-4,2,2,Yes,High,2,2,No,No,No,
22/04/2026 09:30:16,Yes,3+,18-20,Yes,Mid iiit,Regular,0-4,1,1,Yes,Moderate,3,2,No,No,Yes,Fuck jee man there are foreign unis which provide better education and better did doors
22/04/2026 13:11:02,Yes,2,18-20,Yes,Top tier (IIT / AIIMS),Other,8-12,1,2,Yes,Moderate,4,1,No,No,No,
22/04/2026 18:50:16,Yes,3+,18-20,Yes,Didn't qualify for preferred institution,Coaching-integrated school,8-12,2,2,Yes,Moderate,2,5,Yes,No,Yes,
23/04/2026 00:28:39,Yes,2,18-20,No,Top tier (IIT / AIIMS),Other,12+,2,4,No,Moderate,2,1,No,No,No,
24/04/2026 10:01:28,Yes,0,21-23,No,Ended up at government college through cuet,Regular,0-4,4,5,No,Moderate,4,5,Yes,Yes,Yes,"Gave neet, only went in revising what i did for boards, anyway, ended up at government college through cuet, and now transferred to a college in america"
24/04/2026 20:49:26,Yes,2,21-23,Yes,Mid tier (NIT / Government medical college),Regular,8-12,1,3,Unsure,Low,4,4,Unsure,Unsure,Yes,
24/04/2026 20:50:11,Yes,2,24+,Yes,Mid tier (NIT / Government medical college),Regular,8-12,1,2,Yes,Moderate,4,5,Unsure,Yes,No,
24/04/2026 20:51:53,Yes,2,24+,No,Top tier (IIT / AIIMS),Coaching-integrated school,4-8,1,4,Yes,Very high,1,2,No,Unsure,No,Get in only if you have the aptitude to do so.
24/04/2026 20:57:23,Yes,2,16-18,No,Private college,Regular,8-12,2,1,Yes,Low,3,5,No,Unsure,Yes,I am typing this anonymously ofc so yeash my family is pretty wealthy in vizag and i was in narayana for 2 yrs. Its was FUCKING hell for me beacause i came from a decent cbsce school and finally i realized i shoulve left jee prep in 11th and focused on my boards as i still am going to clg thro management quota so better shouldve focused om the boards anyways :_
24/04/2026 21:08:46,Yes,2,16-18,No,"Prepared for jee but shifted focus on CET, still preparing ",Coaching-integrated school,4-8,4,4,Yes,Moderate,3,3,No,No,Yes,
24/04/2026 21:09:00,Yes,3+,16-18,No,Still preparing / Didn't attempt,Coaching-integrated school,4-8,1,1,Yes,Moderate,2,3,No,No,Yes,If you are not serious or interested in engineering NEVER take this path fucks up your life
24/04/2026 21:21:12,Yes,2,18-20,No,Mid tier (NIT / Government medical college),Regular,0-4,5,4,No,Low,2,4,Yes,Yes,Yes,"I wasn't paying attention while studying and still got NITs but chose not to join them as they are ""far from home"". Now i regret not attempting Universities entrance exams like CUET and all, I used to study like a normal schooler and we didn't have study hours in our college but our faculty were very good at teaching, hence i can get this far. I used to study for like 2 hrs at home and 9-5:30 at college. The preparation did not stop me from socializing. I used to attend family parties and cousin meetups whenever possible. The only thing i suggest everyone is just listen to what your lecturers teach attentively and you do not have to worry about a single thing. I force everyone to not stop socializing when preparing for these competetive exams. These exams are not important but people around you are!"
24/04/2026 21:38:55,Yes,3+,24+,Yes,Didn't qualify for preferred institution,Coaching-integrated school,4-8,4,4,Yes,Moderate,1,3,Yes,Unsure,No,
24/04/2026 21:41:23,Yes,1,16-18,No,Didn't qualify for preferred institution,Regular,0-4,5,2,Yes,Moderate,2,5,No,No,Yes,"im a pcmb stu, prepared for both jee nd neet without any coaching nd with regular schooling,, i pretty well balanced my studies with many co-curricular activities like dance,music nd all. i tried to manage it all.. but it seems like it's not working,, will prolly take a drop, join a coaching nd prepare again"
24/04/2026 21:50:03,Yes,2,24+,No,Mid tier (NIT / Government medical college),Coaching-integrated school,8-12,3,2,Yes,Low,3,4,Yes,No,Yes,
24/04/2026 22:44:12,Yes,2,18-20,Yes,IAT AND NEST along with jee for IIT,Coaching-integrated school,0-4,1,1,Yes,High,4,4,No,No,Yes,"It was shithole coaching even though it was really famous and expensive one and at expensive place, worst thing I have experienced, fucked up my mental and physical health and I was constantly under stress and severe chronic illness and still had to try to prep. It also made me extremely suicidal and I started avoiding everything and everyone. I began doing good after taking a drop year(it was for IAT but I didn't took it seriously at all) but not focusing on anything and just reading psychoéducation."
24/04/2026 22:55:57,Yes,2,18-20,No,Private college,Coaching-integrated school,4-8,1,3,Yes,Low,3,2,Yes,No,No,i can solve better and faster than people around me . the things i learned there are helpful in btech . but ig jee is outdated they need to learn someother skills and get 12 th done
24/04/2026 23:33:40,Yes,1,16-18,No,Didn't qualify for preferred institution,Other,4-8,3,4,Yes,Low,2,2,Unsure,No,No,
24/04/2026 23:34:09,Yes,3+,18-20,Yes,Still preparing / Didn't attempt,Coaching-integrated school,4-8,1,1,Yes,Moderate,1,1,No,No,No,
24/04/2026 23:44:42,Yes,3+,18-20,Yes,Still preparing / Didn't attempt,Regular,8-12,3,2,Yes,High,2,5,Yes,Yes,No,
25/04/2026 09:00:27,Yes,3+,18-20,Yes,Mid tier (NIT / Government medical college),Regular,0-4,1,1,Yes,Moderate,1,1,No,No,No,"I lost everything in my drop year, I got depressed suicidal, I wouldn't want whatever I suffered to anyone"
25/04/2026 10:50:53,Yes,2,24+,No,Mid tier (NIT / Government medical college),Coaching-integrated school,8-12,2,2,Yes,High,2,3,Yes,No,No,"Even after I gave NEE UG 7 years back, the memories of that day gives me more trauma than even NEET PG."
25/04/2026 14:04:30,Yes,2,16-18,No,Mid tier (NIT / Government medical college),Regular,12+,3,1,Yes,Low,1,4,No,No,No,
25/04/2026 17:20:46,Yes,2,16-18,No,Private college,Coaching-integrated school,4-8,2,1,Yes,Moderate,2,4,No,No,No,
25/04/2026 17:28:24,Yes,2,18-20,No,Top tier (IIT / AIIMS),Coaching-integrated school,4-8,1,4,Yes,Low,1,1,No,Yes,Yes,
25/04/2026 19:42:05,Yes,2,18-20,No,Top tier (IIT / AIIMS),Coaching-integrated school,4-8,4,3,Yes,High,4,3,Unsure,No,No,
26/04/2026 02:19:56,Yes,2,16-18,No,Didn't qualify for preferred institution,Coaching-integrated school,4-8,2,1,Yes,Moderate,1,3,No,No,No,"The balance between all expects of life was disturbed, so one should take care of it while preparing for any exam."
26/04/2026 14:14:58,Yes,2,18-20,No,Mid tier (NIT / Government medical college),Regular,4-8,2,4,Yes,Moderate,4,4,No,No,No,
26/04/2026 19:40:28,Yes,2,24+,No,Private college,Regular,0-4,3,1,Yes,Moderate,2,2,No,Unsure,No,
26/04/2026 22:59:03,Yes,2,18-20,Yes,Still preparing / Didn't attempt,Regular,8-12,3,1,Yes,Very high,1,3,No,No,No,
27/04/2026 07:05:45,Yes,1,18-20,Yes,"Rn.. with the percentile I have I am getting only mediocre branches in lower nits , despite being the top 8% out of 15-16 lakh ppl...",Regular,8-12,1,4,Yes,Moderate,3,2,Unsure,No,No,"I developed anxiety related issues during my drop year... So if anyone wants to take a drop, they should take it at their own risk. Even after lots of hardwork, not getting the desired result seems frustrating and the burnout is real. Most ppl have ended up in iits after taking a drop, so you can say it's more or less a gamble. Also, the competition has become highly saturated, so even taking a drop atp seema unfeasible."
27/04/2026 20:42:06,Yes,0,16-18,No,Still preparing / Didn't attempt,Coaching-integrated school,0-4,2,3,Unsure,Moderate,1,2,Yes,Unsure,Yes,"not much , just ...idk workin hard , and i'll prolly get into something"
27/04/2026 23:32:17,Yes,1,18-20,Yes,Still preparing / Didn't attempt,Regular,8-12,2,3,Yes,Moderate,1,3,No,Unsure,No,Nothing much but don't give everything up for the sake of these exams..
28/04/2026 08:51:20,Yes,3+,18-20,Yes,Didn't qualify for preferred institution,Regular,4-8,1,2,Yes,Moderate,1,1,No,No,No,The pain is not worth it
28/04/2026 12:08:51,Yes,2,16-18,No,Didn't qualify for preferred institution,Coaching-integrated school,12+,1,2,Yes,High,1,1,Yes,Yes,No,just be consistent and choose your coaching wisely be consistent from starting and keep a time slot for other activites too
30/04/2026 12:03:10,Yes,2,16-18,No,Mid tier (NIT / Government medical college),Coaching-integrated school,12+,1,1,Yes,Very high,4,2,No,No,No,fck jee
30/04/2026 18:15:18,Yes,3+,18-20,Yes,Different course ,Regular,8-12,2,2,Yes,High,2,2,No,Yes,No,Was a nightmare 
01/05/2026 05:23:40,Yes,2,21-23,No,Private college,Regular,8-12,2,1,Unsure,Very high,3,5,No,No,Yes,"Life can be shit but it's all about finding yourself in your own time and making yourself better from where you are in life, instead of living in yesterday's regrets."
08/05/2026 19:55:49,Yes,3+,16-18,No,Still preparing / Didn't attempt,Regular,8-12,5,2,Yes,High,2,4,Yes,No,Yes,"Ig the prep by itself is for ppl who liek the competition, forcing someone makes it worse"
09/05/2026 06:31:11,Yes,1,18-20,Yes,Didn't qualify for preferred institution,Regular,4-8,1,1,Yes,Very high,2,1,Unsure,Unsure,Yes,"its all about caliber & focus of individual,and at last  physics got me"
10/05/2026 16:05:32,Yes,1,24+,Yes,Mid tier (NIT / Government medical college),Regular,4-8,3,4,Yes,High,4,4,Yes,No,No,"It will be a long journey, be prepared "
08/06/2026 21:34:38,Yes,2,16-18,No,Still preparing / Didn't attempt,Regular,8-12,2,1,Yes,High,2,1,No,No,No,"I'm so much into gaming bought a pc after 10th Did not play a single game on it however 💔🥀"
08/06/2026 21:45:41,Yes,2,16-18,No,Still preparing / Didn't attempt,Other,8-12,2,2,Yes,Low,3,2,No,No,No,
09/06/2026 05:59:37,Yes,3+,18-20,Yes,Mid tier (NIT / Government medical college),Coaching-integrated school,4-8,4,4,Unsure,Moderate,2,3,Yes,Unsure,No,"Im an proper extrovert and so are my friends so I never could shut down my social interaction because my friends wouldn't let me and I went to gym everyday for 1 hour, so I had to give up on my sleep. If you want to get something you have to sacrifice something.."
09/06/2026 10:55:19,No,0,24+,No,Top tier (IIT / AIIMS),Regular,0-4,1,1,Yes,Low,1,1,Yes,No,No,
09/06/2026 20:13:13,Yes,2,16-18,No,Mid tier (NIT / Government medical college),Coaching-integrated school,12+,1,4,Yes,High,4,2,Yes,Yes,No,"Joining a coaching institute like allen was the worst mistake. Allen converts intelligent students to genius and barely focuses on mediocre students. After JEE Mains first attempt, even top percentilers like me and my friends were being denied JEE Advanced preparation material. No regular tests for even the top 0.2%ilers. We had no help for asvanced. Teachers entertained people with under 1k rank. Kya matlab 16 lakh mein 5k rank hai to bhi i am unworthy. All my efforts lead me to this feat. Teachers were severely de motivating in Kota and were extremely unhelpful. Best thing a person can do is join kota coaching in 6th or join your local institute in 11th. There is a severe discrimination. Toppers had 13 tests for our 1 test and hence the difference. Worst part is that we thought our prep speed was normal and that's how people prepare. These big coaching institutes are a scam for anyone starting prep from 11th"
09/06/2026 21:06:38,Yes,2,16-18,No,Didn't qualify for preferred institution,Coaching-integrated school,0-4,2,3,Yes,High,2,2,No,No,No,
10/06/2026 06:06:02,Yes,2,18-20,No,Top tier (IIT / AIIMS),Coaching-integrated school,8-12,3,2,Yes,High,4,3,Yes,Yes,Yes,"I learned time management and resilience, which are valuable skills. Oh and by the way, if you're still looking for respondents, surveyswap.io really helped me when I was running a survey myself last year. You fill in surveys from others and get free respondents in return. Perhaps it's also helpful to you. Anyway, good luck with the study!"
12/06/2026 10:01:11,Yes,3+,18-20,Yes,Dropped the prep midway and shifted to cma india,Coaching-integrated school,4-8,2,1,Yes,High,1,2,No,Unsure,No,"In my next life I would choose that'll make me something and not break me entirely for nothing ."
14/06/2026 00:11:49,Yes,1,18-20,No,Private college,Regular,8-12,1,1,Yes,Moderate,2,1,No,Unsure,No,"I didnt get the chance to start my prep from 11th. More than failing the exam I regret not getting the chance and wasting my potential"
18/06/2026 16:28:25,Yes,2,16-18,No,Still preparing / Didn't attempt,Coaching-integrated school,12+,1,2,Yes,Moderate,4,3,No,Yes,Yes,
23/07/2026 13:23:05,Yes,2,16-18,No,Didn't qualify for preferred institution,Other,8-12,1,1,Yes,High,1,1,No,No,No,"Fallen behind alot even from the students who were not preparing for competition in all aspects including academia, health, social and other personal skills.."
30/07/2026 01:10:01,Yes,1,16-18,No,Still preparing / Didn't attempt,Other,0-4,2,2,Unsure,Low,2,2,Unsure,Unsure,No,"I'm lost cause I'm free, i never got to know what I was passionate about and here I am enrolled in brothers academy having the fomo of not going to Kota at 1 am."



